<?xml version="1.0" encoding="UTF-8"?>
<!DOCTYPE mapper PUBLIC "-//mybatis.org//DTD Mapper 3.0//EN" "http://mybatis.org/dtd/mybatis-3-mapper.dtd">
<mapper namespace="com.youkeda.redpacket.dao.RedEnvelopeDAO">
    <resultMap id="BaseResultMap" type="com.youkeda.redpacket.dataobject.RedEnvelopeDO">
        <id column="id" jdbcType="VARCHAR" property="id"/>
        <result column="send_user_id" jdbcType="VARCHAR" property="sendUserId"/>
        <result column="red_envelope_amount" jdbcType="DOUBLE" property="redEnvelopeAmount"/>
        <result column="total_amount" jdbcType="INTEGER" property="totalAmount"/>
        <result column="note" jdbcType="VARCHAR" property="note"/>
        <result column="gmt_created" jdbcType="TIMESTAMP" property="gmtCreated"/>
        <result column="gmt_modified" jdbcType="TIMESTAMP" property="gmtModified"/>
    </resultMap>
    <insert id="insert" parameterType="com.youkeda.redpacket.dataobject.RedEnvelopeDO">
    insert into red_envelope (id, send_user_id, red_envelope_amount, 
      total_amount, note, gmt_created, 
      gmt_modified)
    values (#{id,jdbcType=VARCHAR}, #{sendUserId,jdbcType=VARCHAR}, #{redEnvelopeAmount,jdbcType=DOUBLE}, 
      #{totalAmount,jdbcType=INTEGER}, #{note,jdbcType=VARCHAR}, now(),
      now())
  </insert>
    <update id="updateByPrimaryKey" parameterType="com.youkeda.redpacket.dataobject.RedEnvelopeDO">
    update red_envelope
    set send_user_id = #{sendUserId,jdbcType=VARCHAR},
      red_envelope_amount = #{redEnvelopeAmount,jdbcType=DOUBLE},
      total_amount = #{totalAmount,jdbcType=INTEGER},
      note = #{note,jdbcType=VARCHAR},
      gmt_created = #{gmtCreated,jdbcType=TIMESTAMP},
      gmt_modified = #{gmtModified,jdbcType=TIMESTAMP}
    where id = #{id,jdbcType=VARCHAR}
  </update>
    <select id="selectByPrimaryKey" parameterType="java.lang.String" resultMap="BaseResultMap">
    select id, send_user_id, red_envelope_amount, total_amount, note, gmt_created, gmt_modified
    from red_envelope
    where id = #{id,jdbcType=VARCHAR}
  </select>
</mapper>